{"results": [{"result": {"observed_value": 6}, "success": true, "meta": {}, "expectation_config": {"expectation_type": "expect_table_column_count_to_equal", "meta": {}, "kwargs": {"value": 6, "result_format": {"result_format": "SUMMARY", "partial_unexpected_count": 20}}}, "exception_info": {"raised_exception": false, "exception_message": null, "exception_traceback": null}}, {"result": {"observed_value": ["user_id", "timestamp", "device_id", "device_ip_addr", "bytes_sent", "bytes_received"]}, "success": true, "meta": {}, "expectation_config": {"expectation_type": "expect_table_columns_to_match_ordered_list", "meta": {}, "kwargs": {"column_list": ["user_id", "timestamp", "device_id", "device_ip_addr", "bytes_sent", "bytes_received"], "result_format": {"result_format": "SUMMARY", "partial_unexpected_count": 20}}}, "exception_info": {"raised_exception": false, "exception_message": null, "exception_traceback": null}}, {"result": {"element_count": 9782, "unexpected_count": 0, "unexpected_percent": 0.0, "unexpected_percent_total": 0.0, "partial_unexpected_list": []}, "success": true, "meta": {}, "expectation_config": {"expectation_type": "expect_column_values_to_not_be_null", "meta": {}, "kwargs": {"column": "user_id", "result_format": {"result_format": "SUMMARY", "partial_unexpected_count": 20}}}, "exception_info": {"raised_exception": false, "exception_message": null, "exception_traceback": null}}, {"result": {"observed_value": 123, "element_count": 9782, "missing_count": null, "missing_percent": null}, "success": true, "meta": {}, "expectation_config": {"expectation_type": "expect_column_unique_value_count_to_be_between", "meta": {}, "kwargs": {"column": "user_id", "min_value": 2, "result_format": {"result_format": "SUMMARY", "partial_unexpected_count": 20}}}, "exception_info": {"raised_exception": false, "exception_message": null, "exception_traceback": null}}, {"result": {"element_count": 9782, "unexpected_count": 0, "unexpected_percent": 0.0, "unexpected_percent_total": 0.0, "partial_unexpected_list": []}, "success": true, "meta": {}, "expectation_config": {"expectation_type": "expect_column_values_to_not_be_null", "meta": {}, "kwargs": {"column": "timestamp", "result_format": {"result_format": "SUMMARY", "partial_unexpected_count": 20}}}, "exception_info": {"raised_exception": false, "exception_message": null, "exception_traceback": null}}, {"result": {"element_count": 9782, "unexpected_count": 0, "unexpected_percent": 0.0, "unexpected_percent_total": 0.0, "partial_unexpected_list": []}, "success": true, "meta": {}, "expectation_config": {"expectation_type": "expect_column_values_to_not_be_null", "meta": {}, "kwargs": {"column": "device_id", "result_format": {"result_format": "SUMMARY", "partial_unexpected_count": 20}}}, "exception_info": {"raised_exception": false, "exception_message": null, "exception_traceback": null}}, {"result": {"element_count": 9782, "missing_count": 0, "missing_percent": 0.0, "unexpected_count": 0, "unexpected_percent": 0.0, "unexpected_percent_total": 0.0, "unexpected_percent_nonmissing": 0.0, "partial_unexpected_list": [], "partial_unexpected_index_list": null, "partial_unexpected_counts": []}, "success": true, "meta": {}, "expectation_config": {"expectation_type": "expect_column_values_to_match_regex", "meta": {}, "kwargs": {"column": "device_id", "regex": "d[0-9]{3}", "result_format": {"result_format": "SUMMARY", "partial_unexpected_count": 20}}}, "exception_info": {"raised_exception": false, "exception_message": null, "exception_traceback": null}}, {"result": {"element_count": 9782, "unexpected_count": 0, "unexpected_percent": 0.0, "unexpected_percent_total": 0.0, "partial_unexpected_list": []}, "success": true, "meta": {}, "expectation_config": {"expectation_type": "expect_column_values_to_not_be_null", "meta": {}, "kwargs": {"column": "device_ip_addr", "result_format": {"result_format": "SUMMARY", "partial_unexpected_count": 20}}}, "exception_info": {"raised_exception": false, "exception_message": null, "exception_traceback": null}}, {"result": {"element_count": 9782, "missing_count": 0, "missing_percent": 0.0, "unexpected_count": 0, "unexpected_percent": 0.0, "unexpected_percent_total": 0.0, "unexpected_percent_nonmissing": 0.0, "partial_unexpected_list": [], "partial_unexpected_index_list": null, "partial_unexpected_counts": []}, "success": true, "meta": {}, "expectation_config": {"expectation_type": "expect_column_values_to_match_regex", "meta": {}, "kwargs": {"column": "device_ip_addr", "regex": "[0-9]{1,3}.[0-9]{1,3}.[0-9]{1,3}.[0-9]{1,3}", "result_format": {"result_format": "SUMMARY", "partial_unexpected_count": 20}}}, "exception_info": {"raised_exception": false, "exception_message": null, "exception_traceback": null}}, {"result": {"element_count": 9782, "unexpected_count": 0, "unexpected_percent": 0.0, "unexpected_percent_total": 0.0, "partial_unexpected_list": []}, "success": true, "meta": {}, "expectation_config": {"expectation_type": "expect_column_values_to_not_be_null", "meta": {}, "kwargs": {"column": "bytes_sent", "result_format": {"result_format": "SUMMARY", "partial_unexpected_count": 20}}}, "exception_info": {"raised_exception": false, "exception_message": null, "exception_traceback": null}}, {"result": {"element_count": 9782, "missing_count": 0, "missing_percent": 0.0, "unexpected_count": 0, "unexpected_percent": 0.0, "unexpected_percent_total": 0.0, "unexpected_percent_nonmissing": 0.0, "partial_unexpected_list": [], "partial_unexpected_index_list": null, "partial_unexpected_counts": []}, "success": true, "meta": {}, "expectation_config": {"expectation_type": "expect_column_values_to_be_between", "meta": {}, "kwargs": {"column": "bytes_sent", "min_value": 0, "result_format": {"result_format": "SUMMARY", "partial_unexpected_count": 20}}}, "exception_info": {"raised_exception": false, "exception_message": null, "exception_traceback": null}}, {"result": {"element_count": 9782, "unexpected_count": 0, "unexpected_percent": 0.0, "unexpected_percent_total": 0.0, "partial_unexpected_list": []}, "success": true, "meta": {}, "expectation_config": {"expectation_type": "expect_column_values_to_not_be_null", "meta": {}, "kwargs": {"column": "bytes_received", "result_format": {"result_format": "SUMMARY", "partial_unexpected_count": 20}}}, "exception_info": {"raised_exception": false, "exception_message": null, "exception_traceback": null}}, {"result": {"element_count": 9782, "missing_count": 0, "missing_percent": 0.0, "unexpected_count": 0, "unexpected_percent": 0.0, "unexpected_percent_total": 0.0, "unexpected_percent_nonmissing": 0.0, "partial_unexpected_list": [], "partial_unexpected_index_list": null, "partial_unexpected_counts": []}, "success": true, "meta": {}, "expectation_config": {"expectation_type": "expect_column_values_to_be_between", "meta": {}, "kwargs": {"column": "bytes_received", "min_value": 0, "result_format": {"result_format": "SUMMARY", "partial_unexpected_count": 20}}}, "exception_info": {"raised_exception": false, "exception_message": null, "exception_traceback": null}}], "statistics": {"evaluated_expectations": 13, "successful_expectations": 13, "unsuccessful_expectations": 0, "success_percent": 100.0}, "success": true, "evaluation_parameters": {}, "meta": {"great_expectations_version": "0.13.14", "expectation_suite_name": "ods_traffic", "run_id": {"run_name": "20210504T185506.059631Z", "run_time": "2021-05-04T18:55:06.059631+00:00"}, "batch_kwargs": {"table": "ods_traffic", "schema": "araev", "data_asset_name": "araev.ods_traffic", "datasource": "gp"}, "batch_markers": {"ge_load_time": "20210504T185505.384046Z"}, "batch_parameters": null, "validation_time": "20210504T185506.075588Z"}}