{"statistics": {"evaluated_expectations": 0, "successful_expectations": 0, "unsuccessful_expectations": 0, "success_percent": null}, "evaluation_parameters": {}, "results": [], "meta": {"great_expectations_version": "0.13.14", "expectation_suite_name": "ods_issue", "run_id": {"run_time": "2021-05-04T18:10:11.880625+00:00", "run_name": "20210504T181011.880625Z"}, "batch_kwargs": {"table": "ods_issue", "schema": "araev", "data_asset_name": "araev.ods_issue", "datasource": "gp"}, "batch_markers": {"ge_load_time": "20210504T181011.205643Z"}, "batch_parameters": null, "validation_time": "20210504T181011.891592Z"}, "success": true}