{"evaluation_parameters": {}, "meta": {"great_expectations_version": "0.13.14", "expectation_suite_name": "ods_issue", "run_id": {"run_name": "20210504T182446.693840Z", "run_time": "2021-05-04T18:24:46.693840+00:00"}, "batch_kwargs": {"table": "ods_issue", "schema": "araev", "data_asset_name": "araev.ods_issue", "datasource": "gp"}, "batch_markers": {"ge_load_time": "20210504T182446.022415Z"}, "batch_parameters": null, "validation_time": "20210504T182446.711758Z"}, "success": true, "statistics": {"evaluated_expectations": 10, "successful_expectations": 10, "unsuccessful_expectations": 0, "success_percent": 100.0}, "results": [{"meta": {}, "success": true, "result": {"observed_value": 6}, "exception_info": {"raised_exception": false, "exception_message": null, "exception_traceback": null}, "expectation_config": {"meta": {}, "expectation_type": "expect_table_column_count_to_equal", "kwargs": {"value": 6, "result_format": {"result_format": "SUMMARY", "partial_unexpected_count": 20}}}}, {"meta": {}, "success": true, "result": {"observed_value": ["user_id", "start_time", "end_time", "title", "description", "service"]}, "exception_info": {"raised_exception": false, "exception_message": null, "exception_traceback": null}, "expectation_config": {"meta": {}, "expectation_type": "expect_table_columns_to_match_ordered_list", "kwargs": {"column_list": ["user_id", "start_time", "end_time", "title", "description", "service"], "result_format": {"result_format": "SUMMARY", "partial_unexpected_count": 20}}}}, {"meta": {}, "success": true, "result": {"element_count": 9774, "unexpected_count": 0, "unexpected_percent": 0.0, "unexpected_percent_total": 0.0, "partial_unexpected_list": []}, "exception_info": {"raised_exception": false, "exception_message": null, "exception_traceback": null}, "expectation_config": {"meta": {}, "expectation_type": "expect_column_values_to_not_be_null", "kwargs": {"column": "user_id", "result_format": {"result_format": "SUMMARY", "partial_unexpected_count": 20}}}}, {"meta": {}, "success": true, "result": {"observed_value": 123, "element_count": 9774, "missing_count": null, "missing_percent": null}, "exception_info": {"raised_exception": false, "exception_message": null, "exception_traceback": null}, "expectation_config": {"meta": {}, "expectation_type": "expect_column_unique_value_count_to_be_between", "kwargs": {"column": "user_id", "min_value": 2, "result_format": {"result_format": "SUMMARY", "partial_unexpected_count": 20}}}}, {"meta": {}, "success": true, "result": {"element_count": 9774, "unexpected_count": 0, "unexpected_percent": 0.0, "unexpected_percent_total": 0.0, "partial_unexpected_list": []}, "exception_info": {"raised_exception": false, "exception_message": null, "exception_traceback": null}, "expectation_config": {"meta": {}, "expectation_type": "expect_column_values_to_not_be_null", "kwargs": {"column": "start_time", "result_format": {"result_format": "SUMMARY", "partial_unexpected_count": 20}}}}, {"meta": {}, "success": true, "result": {"element_count": 9774, "unexpected_count": 0, "unexpected_percent": 0.0, "unexpected_percent_total": 0.0, "partial_unexpected_list": []}, "exception_info": {"raised_exception": false, "exception_message": null, "exception_traceback": null}, "expectation_config": {"meta": {}, "expectation_type": "expect_column_values_to_not_be_null", "kwargs": {"column": "end_time", "result_format": {"result_format": "SUMMARY", "partial_unexpected_count": 20}}}}, {"meta": {}, "success": true, "result": {"element_count": 9774, "unexpected_count": 0, "unexpected_percent": 0.0, "unexpected_percent_total": 0.0, "partial_unexpected_list": []}, "exception_info": {"raised_exception": false, "exception_message": null, "exception_traceback": null}, "expectation_config": {"meta": {}, "expectation_type": "expect_column_values_to_not_be_null", "kwargs": {"column": "title", "result_format": {"result_format": "SUMMARY", "partial_unexpected_count": 20}}}}, {"meta": {}, "success": true, "result": {"element_count": 9774, "unexpected_count": 0, "unexpected_percent": 0.0, "unexpected_percent_total": 0.0, "partial_unexpected_list": []}, "exception_info": {"raised_exception": false, "exception_message": null, "exception_traceback": null}, "expectation_config": {"meta": {}, "expectation_type": "expect_column_values_to_not_be_null", "kwargs": {"column": "description", "result_format": {"result_format": "SUMMARY", "partial_unexpected_count": 20}}}}, {"meta": {}, "success": true, "result": {"observed_value": ["Connect", "Disconnect", "Setup Environment"], "element_count": 9774, "missing_count": null, "missing_percent": null, "details": {"value_counts": [{"value": "Connect", "count": 3219}, {"value": "Disconnect", "count": 3278}, {"value": "Setup Environment", "count": 3277}]}}, "exception_info": {"raised_exception": false, "exception_message": null, "exception_traceback": null}, "expectation_config": {"meta": {}, "expectation_type": "expect_column_distinct_values_to_be_in_set", "kwargs": {"column": "service", "value_set": ["Setup Environment", "Connect", "Disconnect"], "result_format": {"result_format": "SUMMARY", "partial_unexpected_count": 20}}}}, {"meta": {}, "success": true, "result": {"observed_value": ["Connect", "Disconnect", "Setup Environment"], "element_count": 9774, "missing_count": null, "missing_percent": null, "details": {"value_counts": [{"value": "Connect", "count": 3219}, {"value": "Disconnect", "count": 3278}, {"value": "Setup Environment", "count": 3277}]}}, "exception_info": {"raised_exception": false, "exception_message": null, "exception_traceback": null}, "expectation_config": {"meta": {}, "expectation_type": "expect_column_distinct_values_to_equal_set", "kwargs": {"column": "service", "value_set": ["Setup Environment", "Connect", "Disconnect"], "result_format": {"result_format": "SUMMARY", "partial_unexpected_count": 20}}}}]}