{"meta": {"great_expectations_version": "0.13.14", "expectation_suite_name": "ods_traffic", "run_id": {"run_time": "2021-05-04T18:42:37.030866+00:00", "run_name": "20210504T184237.030866Z"}, "batch_kwargs": {"table": "ods_traffic", "schema": "araev", "data_asset_name": "araev.ods_traffic", "datasource": "gp"}, "batch_markers": {"ge_load_time": "20210504T184236.355465Z"}, "batch_parameters": null, "validation_time": "20210504T184237.041870Z"}, "results": [], "statistics": {"evaluated_expectations": 0, "successful_expectations": 0, "unsuccessful_expectations": 0, "success_percent": null}, "evaluation_parameters": {}, "success": true}