{"results": [{"exception_info": {"raised_exception": false, "exception_message": null, "exception_traceback": null}, "expectation_config": {"expectation_type": "expect_table_row_count_to_be_between", "meta": {"BasicSuiteBuilderProfiler": {"confidence": "very low"}}, "kwargs": {"min_value": 900, "max_value": 1100, "result_format": "SUMMARY"}}, "result": {"observed_value": 1000}, "success": true, "meta": {}}, {"exception_info": {"raised_exception": false, "exception_message": null, "exception_traceback": null}, "expectation_config": {"expectation_type": "expect_table_column_count_to_equal", "meta": {"BasicSuiteBuilderProfiler": {"confidence": "very low"}}, "kwargs": {"value": 8, "result_format": "SUMMARY"}}, "result": {"observed_value": 8}, "success": true, "meta": {}}, {"exception_info": {"raised_exception": false, "exception_message": null, "exception_traceback": null}, "expectation_config": {"expectation_type": "expect_table_columns_to_match_ordered_list", "meta": {"BasicSuiteBuilderProfiler": {"confidence": "very low"}}, "kwargs": {"column_list": ["user_id", "pay_doc_type", "pay_doc_num", "account", "phone", "billing_period", "pay_date", "sum"], "result_format": "SUMMARY"}}, "result": {"observed_value": ["user_id", "pay_doc_type", "pay_doc_num", "account", "phone", "billing_period", "pay_date", "sum"]}, "success": true, "meta": {}}, {"exception_info": {"raised_exception": false, "exception_message": null, "exception_traceback": null}, "expectation_config": {"expectation_type": "expect_column_values_to_not_be_null", "meta": {"BasicSuiteBuilderProfiler": {"confidence": "very low"}}, "kwargs": {"column": "pay_doc_type", "result_format": "SUMMARY"}}, "result": {"element_count": 1000, "unexpected_count": 0, "unexpected_percent": 0.0, "unexpected_percent_total": 0.0, "partial_unexpected_list": []}, "success": true, "meta": {}}, {"exception_info": {"raised_exception": false, "exception_message": null, "exception_traceback": null}, "expectation_config": {"expectation_type": "expect_column_distinct_values_to_be_in_set", "meta": {"BasicSuiteBuilderProfiler": {"confidence": "very low"}}, "kwargs": {"column": "pay_doc_type", "value_set": ["MASTER", "MIR", "VISA"], "result_format": "SUMMARY"}}, "result": {"observed_value": ["MASTER", "MIR", "VISA"], "element_count": 1000, "missing_count": null, "missing_percent": null, "details": {"value_counts": [{"value": "MASTER", "count": 321}, {"value": "MIR", "count": 359}, {"value": "VISA", "count": 320}]}}, "success": true, "meta": {}}, {"exception_info": {"raised_exception": false, "exception_message": null, "exception_traceback": null}, "expectation_config": {"expectation_type": "expect_column_kl_divergence_to_be_less_than", "meta": {"BasicSuiteBuilderProfiler": {"confidence": "very low"}}, "kwargs": {"column": "pay_doc_type", "partition_object": {"values": ["MASTER", "MIR", "VISA"], "weights": [0.321, 0.359, 0.32]}, "threshold": 0.6, "result_format": "SUMMARY"}}, "result": {"observed_value": 0.0, "element_count": 1000, "missing_count": null, "missing_percent": null, "details": {"observed_partition": {"values": ["MASTER", "MIR", "VISA"], "weights": [0.321, 0.359, 0.32]}, "expected_partition": {"values": ["MASTER", "MIR", "VISA"], "weights": [0.321, 0.359, 0.32]}}}, "success": true, "meta": {}}, {"exception_info": {"raised_exception": false, "exception_message": null, "exception_traceback": null}, "expectation_config": {"expectation_type": "expect_column_values_to_not_be_null", "meta": {"BasicSuiteBuilderProfiler": {"confidence": "very low"}}, "kwargs": {"column": "pay_doc_num", "result_format": "SUMMARY"}}, "result": {"element_count": 1000, "unexpected_count": 0, "unexpected_percent": 0.0, "unexpected_percent_total": 0.0, "partial_unexpected_list": []}, "success": true, "meta": {}}, {"exception_info": {"raised_exception": false, "exception_message": null, "exception_traceback": null}, "expectation_config": {"expectation_type": "expect_column_min_to_be_between", "meta": {"BasicSuiteBuilderProfiler": {"confidence": "very low"}}, "kwargs": {"column": "pay_doc_num", "min_value": 3, "max_value": 5, "result_format": "SUMMARY"}}, "result": {"observed_value": 4, "element_count": 1000, "missing_count": null, "missing_percent": null}, "success": true, "meta": {}}, {"exception_info": {"raised_exception": false, "exception_message": null, "exception_traceback": null}, "expectation_config": {"expectation_type": "expect_column_max_to_be_between", "meta": {"BasicSuiteBuilderProfiler": {"confidence": "very low"}}, "kwargs": {"column": "pay_doc_num", "min_value": 49988, "max_value": 49990, "result_format": "SUMMARY"}}, "result": {"observed_value": 49989, "element_count": 1000, "missing_count": null, "missing_percent": null}, "success": true, "meta": {}}, {"exception_info": {"raised_exception": false, "exception_message": null, "exception_traceback": null}, "expectation_config": {"expectation_type": "expect_column_mean_to_be_between", "meta": {"BasicSuiteBuilderProfiler": {"confidence": "very low"}}, "kwargs": {"column": "pay_doc_num", "min_value": 25437.593, "max_value": 25439.593, "result_format": "SUMMARY"}}, "result": {"observed_value": 25438.593, "element_count": 1000, "missing_count": null, "missing_percent": null}, "success": true, "meta": {}}, {"exception_info": {"raised_exception": false, "exception_message": null, "exception_traceback": null}, "expectation_config": {"expectation_type": "expect_column_median_to_be_between", "meta": {"BasicSuiteBuilderProfiler": {"confidence": "very low"}}, "kwargs": {"column": "pay_doc_num", "min_value": 25489.0, "max_value": 25491.0, "result_format": "SUMMARY"}}, "result": {"observed_value": 25490.0, "element_count": 1000, "missing_count": null, "missing_percent": null}, "success": true, "meta": {}}, {"exception_info": {"raised_exception": false, "exception_message": null, "exception_traceback": null}, "expectation_config": {"expectation_type": "expect_column_quantile_values_to_be_between", "meta": {"BasicSuiteBuilderProfiler": {"confidence": "very low"}}, "kwargs": {"column": "pay_doc_num", "quantile_ranges": {"quantiles": [0.05, 0.25, 0.5, 0.75, 0.95], "value_ranges": [[3293, 3295], [13137, 13139], [25454, 25456], [37934, 37936], [47830, 47832]]}, "allow_relative_error": true, "result_format": "SUMMARY"}}, "result": {"observed_value": {"quantiles": [0.05, 0.25, 0.5, 0.75, 0.95], "values": [3294, 13138, 25455, 37935, 47831]}, "element_count": 1000, "missing_count": null, "missing_percent": null, "details": {"success_details": [true, true, true, true, true]}}, "success": true, "meta": {}}, {"exception_info": {"raised_exception": false, "exception_message": null, "exception_traceback": null}, "expectation_config": {"expectation_type": "expect_column_values_to_not_be_null", "meta": {"BasicSuiteBuilderProfiler": {"confidence": "very low"}}, "kwargs": {"column": "account", "result_format": "SUMMARY"}}, "result": {"element_count": 1000, "unexpected_count": 0, "unexpected_percent": 0.0, "unexpected_percent_total": 0.0, "partial_unexpected_list": []}, "success": true, "meta": {}}, {"exception_info": {"raised_exception": false, "exception_message": null, "exception_traceback": null}, "expectation_config": {"expectation_type": "expect_column_value_lengths_to_be_between", "meta": {"BasicSuiteBuilderProfiler": {"confidence": "very low"}}, "kwargs": {"column": "account", "min_value": 1, "result_format": "SUMMARY"}}, "result": {"element_count": 1000, "missing_count": 0, "missing_percent": 0.0, "unexpected_count": 0, "unexpected_percent": 0.0, "unexpected_percent_total": 0.0, "unexpected_percent_nonmissing": 0.0, "partial_unexpected_list": [], "partial_unexpected_index_list": null, "partial_unexpected_counts": []}, "success": true, "meta": {}}, {"exception_info": {"raised_exception": false, "exception_message": null, "exception_traceback": null}, "expectation_config": {"expectation_type": "expect_column_values_to_not_be_null", "meta": {"BasicSuiteBuilderProfiler": {"confidence": "very low"}}, "kwargs": {"column": "pay_date", "result_format": "SUMMARY"}}, "result": {"element_count": 1000, "unexpected_count": 0, "unexpected_percent": 0.0, "unexpected_percent_total": 0.0, "partial_unexpected_list": []}, "success": true, "meta": {}}, {"exception_info": {"raised_exception": false, "exception_message": null, "exception_traceback": null}, "expectation_config": {"expectation_type": "expect_column_values_to_be_between", "meta": {"BasicSuiteBuilderProfiler": {"confidence": "very low"}}, "kwargs": {"column": "pay_date", "min_value": "2012-01-02 00:00:00", "max_value": "2015-12-30 00:00:00", "parse_strings_as_datetimes": true, "result_format": "SUMMARY"}}, "result": {"element_count": 1000, "missing_count": 0, "missing_percent": 0.0, "unexpected_count": 0, "unexpected_percent": 0.0, "unexpected_percent_total": 0.0, "unexpected_percent_nonmissing": 0.0, "partial_unexpected_list": [], "partial_unexpected_index_list": null, "partial_unexpected_counts": []}, "success": true, "meta": {}}], "statistics": {"evaluated_expectations": 16, "successful_expectations": 16, "unsuccessful_expectations": 0, "success_percent": 100.0}, "evaluation_parameters": {}, "success": true, "meta": {"great_expectations_version": "0.13.14", "expectation_suite_name": "araev.ods_payment.warning", "run_id": {"run_name": "20210504T173136.723122Z", "run_time": "2021-05-04T17:31:36.723122+00:00"}, "batch_kwargs": {"table": "ods_payment", "schema": "araev", "limit": 1000, "data_asset_name": "araev.ods_payment", "datasource": "gp"}, "batch_markers": {"ge_load_time": "20210504T173136.758410Z"}, "batch_parameters": null, "validation_time": "20210504T173144.243494Z"}}