{"meta": {"great_expectations_version": "0.13.14", "expectation_suite_name": "araev.ods_payment.warning", "run_id": {"run_time": "2021-05-04T18:01:45.244837+00:00", "run_name": "20210504T180145.244837Z"}, "batch_kwargs": {"data_asset_name": "araev.ods_payment", "datasource": "gp", "limit": 1000, "schema": "araev", "table": "ods_payment"}, "batch_markers": {"ge_load_time": "20210504T180144.381273Z"}, "batch_parameters": null, "validation_time": "20210504T180145.263771Z"}, "statistics": {"evaluated_expectations": 16, "successful_expectations": 16, "unsuccessful_expectations": 0, "success_percent": 100.0}, "evaluation_parameters": {}, "success": true, "results": [{"exception_info": {"raised_exception": false, "exception_message": null, "exception_traceback": null}, "meta": {}, "result": {"observed_value": 8}, "expectation_config": {"kwargs": {"value": 8, "result_format": {"result_format": "SUMMARY", "partial_unexpected_count": 20}}, "meta": {}, "expectation_type": "expect_table_column_count_to_equal"}, "success": true}, {"exception_info": {"raised_exception": false, "exception_message": null, "exception_traceback": null}, "meta": {}, "result": {"observed_value": ["user_id", "pay_doc_type", "pay_doc_num", "account", "phone", "billing_period", "pay_date", "sum"]}, "expectation_config": {"kwargs": {"column_list": ["user_id", "pay_doc_type", "pay_doc_num", "account", "phone", "billing_period", "pay_date", "sum"], "result_format": {"result_format": "SUMMARY", "partial_unexpected_count": 20}}, "meta": {}, "expectation_type": "expect_table_columns_to_match_ordered_list"}, "success": true}, {"exception_info": {"raised_exception": false, "exception_message": null, "exception_traceback": null}, "meta": {}, "result": {"element_count": 1000, "unexpected_count": 0, "unexpected_percent": 0.0, "unexpected_percent_total": 0.0, "partial_unexpected_list": []}, "expectation_config": {"kwargs": {"column": "pay_doc_type", "result_format": {"result_format": "SUMMARY", "partial_unexpected_count": 20}}, "meta": {}, "expectation_type": "expect_column_values_to_not_be_null"}, "success": true}, {"exception_info": {"raised_exception": false, "exception_message": null, "exception_traceback": null}, "meta": {}, "result": {"observed_value": ["MASTER", "MIR", "VISA"], "element_count": 1000, "missing_count": null, "missing_percent": null, "details": {"value_counts": [{"value": "MASTER", "count": 286}, {"value": "MIR", "count": 365}, {"value": "VISA", "count": 349}]}}, "expectation_config": {"kwargs": {"column": "pay_doc_type", "value_set": ["MASTER", "MIR", "VISA"], "result_format": {"result_format": "SUMMARY", "partial_unexpected_count": 20}}, "meta": {}, "expectation_type": "expect_column_distinct_values_to_be_in_set"}, "success": true}, {"exception_info": {"raised_exception": false, "exception_message": null, "exception_traceback": null}, "meta": {}, "result": {"observed_value": ["MASTER", "MIR", "VISA"], "element_count": 1000, "missing_count": null, "missing_percent": null, "details": {"value_counts": [{"value": "MASTER", "count": 286}, {"value": "MIR", "count": 365}, {"value": "VISA", "count": 349}]}}, "expectation_config": {"kwargs": {"column": "pay_doc_type", "value_set": ["MASTER", "MIR", "VISA"], "result_format": {"result_format": "SUMMARY", "partial_unexpected_count": 20}}, "meta": {}, "expectation_type": "expect_column_distinct_values_to_equal_set"}, "success": true}, {"exception_info": {"raised_exception": false, "exception_message": null, "exception_traceback": null}, "meta": {}, "result": {"element_count": 1000, "unexpected_count": 0, "unexpected_percent": 0.0, "unexpected_percent_total": 0.0, "partial_unexpected_list": []}, "expectation_config": {"kwargs": {"column": "pay_doc_num", "result_format": {"result_format": "SUMMARY", "partial_unexpected_count": 20}}, "meta": {}, "expectation_type": "expect_column_values_to_not_be_null"}, "success": true}, {"exception_info": {"raised_exception": false, "exception_message": null, "exception_traceback": null}, "meta": {}, "result": {"element_count": 1000, "missing_count": 0, "missing_percent": 0.0, "unexpected_count": 0, "unexpected_percent": 0.0, "unexpected_percent_total": 0.0, "unexpected_percent_nonmissing": 0.0, "partial_unexpected_list": [], "partial_unexpected_index_list": null, "partial_unexpected_counts": []}, "expectation_config": {"kwargs": {"column": "pay_doc_num", "min_value": 1, "result_format": {"result_format": "SUMMARY", "partial_unexpected_count": 20}}, "meta": {}, "expectation_type": "expect_column_values_to_be_between"}, "success": true}, {"exception_info": {"raised_exception": false, "exception_message": null, "exception_traceback": null}, "meta": {}, "result": {"element_count": 1000, "unexpected_count": 0, "unexpected_percent": 0.0, "unexpected_percent_total": 0.0, "partial_unexpected_list": []}, "expectation_config": {"kwargs": {"column": "account", "result_format": {"result_format": "SUMMARY", "partial_unexpected_count": 20}}, "meta": {}, "expectation_type": "expect_column_values_to_not_be_null"}, "success": true}, {"exception_info": {"raised_exception": false, "exception_message": null, "exception_traceback": null}, "meta": {}, "result": {"element_count": 1000, "missing_count": 0, "missing_percent": 0.0, "unexpected_count": 0, "unexpected_percent": 0.0, "unexpected_percent_total": 0.0, "unexpected_percent_nonmissing": 0.0, "partial_unexpected_list": [], "partial_unexpected_index_list": null, "partial_unexpected_counts": []}, "expectation_config": {"kwargs": {"column": "account", "regex": "FL-[0-9].", "result_format": {"result_format": "SUMMARY", "partial_unexpected_count": 20}}, "meta": {}, "expectation_type": "expect_column_values_to_match_regex"}, "success": true}, {"exception_info": {"raised_exception": false, "exception_message": null, "exception_traceback": null}, "meta": {}, "result": {"element_count": 1000, "unexpected_count": 0, "unexpected_percent": 0.0, "unexpected_percent_total": 0.0, "partial_unexpected_list": []}, "expectation_config": {"kwargs": {"column": "pay_date", "result_format": {"result_format": "SUMMARY", "partial_unexpected_count": 20}}, "meta": {}, "expectation_type": "expect_column_values_to_not_be_null"}, "success": true}, {"exception_info": {"raised_exception": false, "exception_message": null, "exception_traceback": null}, "meta": {}, "result": {"element_count": 1000, "unexpected_count": 0, "unexpected_percent": 0.0, "unexpected_percent_total": 0.0, "partial_unexpected_list": []}, "expectation_config": {"kwargs": {"column": "user_id", "result_format": {"result_format": "SUMMARY", "partial_unexpected_count": 20}}, "meta": {}, "expectation_type": "expect_column_values_to_not_be_null"}, "success": true}, {"exception_info": {"raised_exception": false, "exception_message": null, "exception_traceback": null}, "meta": {}, "result": {"observed_value": 123, "element_count": 1000, "missing_count": null, "missing_percent": null}, "expectation_config": {"kwargs": {"column": "user_id", "min_value": 2, "result_format": {"result_format": "SUMMARY", "partial_unexpected_count": 20}}, "meta": {}, "expectation_type": "expect_column_unique_value_count_to_be_between"}, "success": true}, {"exception_info": {"raised_exception": false, "exception_message": null, "exception_traceback": null}, "meta": {}, "result": {"element_count": 1000, "unexpected_count": 0, "unexpected_percent": 0.0, "unexpected_percent_total": 0.0, "partial_unexpected_list": []}, "expectation_config": {"kwargs": {"column": "sum", "result_format": {"result_format": "SUMMARY", "partial_unexpected_count": 20}}, "meta": {}, "expectation_type": "expect_column_values_to_not_be_null"}, "success": true}, {"exception_info": {"raised_exception": false, "exception_message": null, "exception_traceback": null}, "meta": {}, "result": {"element_count": 1000, "missing_count": 0, "missing_percent": 0.0, "unexpected_count": 0, "unexpected_percent": 0.0, "unexpected_percent_total": 0.0, "unexpected_percent_nonmissing": 0.0, "partial_unexpected_list": [], "partial_unexpected_index_list": null, "partial_unexpected_counts": []}, "expectation_config": {"kwargs": {"column": "sum", "min_value": 1, "result_format": {"result_format": "SUMMARY", "partial_unexpected_count": 20}}, "meta": {}, "expectation_type": "expect_column_values_to_be_between"}, "success": true}, {"exception_info": {"raised_exception": false, "exception_message": null, "exception_traceback": null}, "meta": {}, "result": {"element_count": 1000, "unexpected_count": 0, "unexpected_percent": 0.0, "unexpected_percent_total": 0.0, "partial_unexpected_list": []}, "expectation_config": {"kwargs": {"column": "billing_period", "result_format": {"result_format": "SUMMARY", "partial_unexpected_count": 20}}, "meta": {}, "expectation_type": "expect_column_values_to_not_be_null"}, "success": true}, {"exception_info": {"raised_exception": false, "exception_message": null, "exception_traceback": null}, "meta": {}, "result": {"element_count": 1000, "missing_count": 0, "missing_percent": 0.0, "unexpected_count": 0, "unexpected_percent": 0.0, "unexpected_percent_total": 0.0, "unexpected_percent_nonmissing": 0.0, "partial_unexpected_list": [], "partial_unexpected_index_list": null, "partial_unexpected_counts": []}, "expectation_config": {"kwargs": {"column": "billing_period", "regex": "[0-9]{4}-[0-9]{2}", "result_format": {"result_format": "SUMMARY", "partial_unexpected_count": 20}}, "meta": {}, "expectation_type": "expect_column_values_to_match_regex"}, "success": true}]}