{"results": [], "evaluation_parameters": {}, "meta": {"great_expectations_version": "0.13.14", "expectation_suite_name": "ods_billing", "run_id": {"run_name": "20210504T182831.473545Z", "run_time": "2021-05-04T18:28:31.473545+00:00"}, "batch_kwargs": {"table": "ods_billing", "schema": "araev", "data_asset_name": "araev.ods_billing", "datasource": "gp"}, "batch_markers": {"ge_load_time": "20210504T182830.740307Z"}, "batch_parameters": null, "validation_time": "20210504T182831.484512Z"}, "statistics": {"evaluated_expectations": 0, "successful_expectations": 0, "unsuccessful_expectations": 0, "success_percent": null}, "success": true}