{"success": true, "results": [{"success": true, "exception_info": {"raised_exception": false, "exception_message": null, "exception_traceback": null}, "expectation_config": {"expectation_type": "expect_table_column_count_to_equal", "kwargs": {"value": 6, "result_format": {"result_format": "SUMMARY", "partial_unexpected_count": 20}}, "meta": {}}, "result": {"observed_value": 6}, "meta": {}}, {"success": true, "exception_info": {"raised_exception": false, "exception_message": null, "exception_traceback": null}, "expectation_config": {"expectation_type": "expect_table_columns_to_match_ordered_list", "kwargs": {"column_list": ["user_id", "billing_period", "service", "tariff", "sum", "created_at"], "result_format": {"result_format": "SUMMARY", "partial_unexpected_count": 20}}, "meta": {}}, "result": {"observed_value": ["user_id", "billing_period", "service", "tariff", "sum", "created_at"]}, "meta": {}}, {"success": true, "exception_info": {"raised_exception": false, "exception_message": null, "exception_traceback": null}, "expectation_config": {"expectation_type": "expect_column_values_to_not_be_null", "kwargs": {"column": "user_id", "result_format": {"result_format": "SUMMARY", "partial_unexpected_count": 20}}, "meta": {}}, "result": {"element_count": 9761, "unexpected_count": 0, "unexpected_percent": 0.0, "unexpected_percent_total": 0.0, "partial_unexpected_list": []}, "meta": {}}, {"success": true, "exception_info": {"raised_exception": false, "exception_message": null, "exception_traceback": null}, "expectation_config": {"expectation_type": "expect_column_unique_value_count_to_be_between", "kwargs": {"column": "user_id", "min_value": 2, "result_format": {"result_format": "SUMMARY", "partial_unexpected_count": 20}}, "meta": {}}, "result": {"observed_value": 123, "element_count": 9761, "missing_count": null, "missing_percent": null}, "meta": {}}, {"success": true, "exception_info": {"raised_exception": false, "exception_message": null, "exception_traceback": null}, "expectation_config": {"expectation_type": "expect_column_values_to_not_be_null", "kwargs": {"column": "billing_period", "result_format": {"result_format": "SUMMARY", "partial_unexpected_count": 20}}, "meta": {}}, "result": {"element_count": 9761, "unexpected_count": 0, "unexpected_percent": 0.0, "unexpected_percent_total": 0.0, "partial_unexpected_list": []}, "meta": {}}, {"success": true, "exception_info": {"raised_exception": false, "exception_message": null, "exception_traceback": null}, "expectation_config": {"expectation_type": "expect_column_values_to_match_regex", "kwargs": {"column": "billing_period", "regex": "[0-9]{4}-[0-9]{2}", "result_format": {"result_format": "SUMMARY", "partial_unexpected_count": 20}}, "meta": {}}, "result": {"element_count": 9761, "missing_count": 0, "missing_percent": 0.0, "unexpected_count": 0, "unexpected_percent": 0.0, "unexpected_percent_total": 0.0, "unexpected_percent_nonmissing": 0.0, "partial_unexpected_list": [], "partial_unexpected_index_list": null, "partial_unexpected_counts": []}, "meta": {}}, {"success": true, "exception_info": {"raised_exception": false, "exception_message": null, "exception_traceback": null}, "expectation_config": {"expectation_type": "expect_column_values_to_not_be_null", "kwargs": {"column": "service", "result_format": {"result_format": "SUMMARY", "partial_unexpected_count": 20}}, "meta": {}}, "result": {"element_count": 9761, "unexpected_count": 0, "unexpected_percent": 0.0, "unexpected_percent_total": 0.0, "partial_unexpected_list": []}, "meta": {}}, {"success": true, "exception_info": {"raised_exception": false, "exception_message": null, "exception_traceback": null}, "expectation_config": {"expectation_type": "expect_column_values_to_not_be_null", "kwargs": {"column": "tariff", "result_format": {"result_format": "SUMMARY", "partial_unexpected_count": 20}}, "meta": {}}, "result": {"element_count": 9761, "unexpected_count": 0, "unexpected_percent": 0.0, "unexpected_percent_total": 0.0, "partial_unexpected_list": []}, "meta": {}}, {"success": true, "exception_info": {"raised_exception": false, "exception_message": null, "exception_traceback": null}, "expectation_config": {"expectation_type": "expect_column_distinct_values_to_be_in_set", "kwargs": {"column": "tariff", "value_set": ["Mini", "Maxi", "Gigabyte", "Megabyte"], "result_format": {"result_format": "SUMMARY", "partial_unexpected_count": 20}}, "meta": {}}, "result": {"observed_value": ["Gigabyte", "Maxi", "Megabyte", "Mini"], "element_count": 9761, "missing_count": null, "missing_percent": null, "details": {"value_counts": [{"value": "Gigabyte", "count": 2406}, {"value": "Maxi", "count": 2408}, {"value": "Megabyte", "count": 2504}, {"value": "Mini", "count": 2443}]}}, "meta": {}}, {"success": true, "exception_info": {"raised_exception": false, "exception_message": null, "exception_traceback": null}, "expectation_config": {"expectation_type": "expect_column_distinct_values_to_equal_set", "kwargs": {"column": "tariff", "value_set": ["Mini", "Maxi", "Gigabyte", "Megabyte"], "result_format": {"result_format": "SUMMARY", "partial_unexpected_count": 20}}, "meta": {}}, "result": {"observed_value": ["Gigabyte", "Maxi", "Megabyte", "Mini"], "element_count": 9761, "missing_count": null, "missing_percent": null, "details": {"value_counts": [{"value": "Gigabyte", "count": 2406}, {"value": "Maxi", "count": 2408}, {"value": "Megabyte", "count": 2504}, {"value": "Mini", "count": 2443}]}}, "meta": {}}, {"success": true, "exception_info": {"raised_exception": false, "exception_message": null, "exception_traceback": null}, "expectation_config": {"expectation_type": "expect_column_values_to_not_be_null", "kwargs": {"column": "sum", "result_format": {"result_format": "SUMMARY", "partial_unexpected_count": 20}}, "meta": {}}, "result": {"element_count": 9761, "unexpected_count": 0, "unexpected_percent": 0.0, "unexpected_percent_total": 0.0, "partial_unexpected_list": []}, "meta": {}}, {"success": true, "exception_info": {"raised_exception": false, "exception_message": null, "exception_traceback": null}, "expectation_config": {"expectation_type": "expect_column_values_to_be_between", "kwargs": {"column": "sum", "min_value": 0.01, "result_format": {"result_format": "SUMMARY", "partial_unexpected_count": 20}}, "meta": {}}, "result": {"element_count": 9761, "missing_count": 0, "missing_percent": 0.0, "unexpected_count": 0, "unexpected_percent": 0.0, "unexpected_percent_total": 0.0, "unexpected_percent_nonmissing": 0.0, "partial_unexpected_list": [], "partial_unexpected_index_list": null, "partial_unexpected_counts": []}, "meta": {}}, {"success": true, "exception_info": {"raised_exception": false, "exception_message": null, "exception_traceback": null}, "expectation_config": {"expectation_type": "expect_column_values_to_not_be_null", "kwargs": {"column": "created_at", "result_format": {"result_format": "SUMMARY", "partial_unexpected_count": 20}}, "meta": {}}, "result": {"element_count": 9761, "unexpected_count": 0, "unexpected_percent": 0.0, "unexpected_percent_total": 0.0, "partial_unexpected_list": []}, "meta": {}}], "meta": {"great_expectations_version": "0.13.14", "expectation_suite_name": "ods_billing", "run_id": {"run_name": "20210504T183945.191325Z", "run_time": "2021-05-04T18:39:45.191325+00:00"}, "batch_kwargs": {"table": "ods_billing", "schema": "araev", "data_asset_name": "araev.ods_billing", "datasource": "gp"}, "batch_markers": {"ge_load_time": "20210504T183944.533657Z"}, "batch_parameters": null, "validation_time": "20210504T183945.209274Z"}, "evaluation_parameters": {}, "statistics": {"evaluated_expectations": 13, "successful_expectations": 13, "unsuccessful_expectations": 0, "success_percent": 100.0}}