{"evaluation_parameters": {}, "success": false, "results": [{"success": true, "expectation_config": {"kwargs": {"value": 8, "result_format": {"result_format": "SUMMARY", "partial_unexpected_count": 20}}, "expectation_type": "expect_table_column_count_to_equal", "meta": {}}, "exception_info": {"raised_exception": false, "exception_message": null, "exception_traceback": null}, "meta": {}, "result": {"observed_value": 8}}, {"success": true, "expectation_config": {"kwargs": {"column_list": ["user_id", "pay_doc_type", "pay_doc_num", "account", "phone", "billing_period", "pay_date", "sum"], "result_format": {"result_format": "SUMMARY", "partial_unexpected_count": 20}}, "expectation_type": "expect_table_columns_to_match_ordered_list", "meta": {}}, "exception_info": {"raised_exception": false, "exception_message": null, "exception_traceback": null}, "meta": {}, "result": {"observed_value": ["user_id", "pay_doc_type", "pay_doc_num", "account", "phone", "billing_period", "pay_date", "sum"]}}, {"success": true, "expectation_config": {"kwargs": {"column": "pay_doc_type", "result_format": {"result_format": "SUMMARY", "partial_unexpected_count": 20}}, "expectation_type": "expect_column_values_to_not_be_null", "meta": {}}, "exception_info": {"raised_exception": false, "exception_message": null, "exception_traceback": null}, "meta": {}, "result": {"element_count": 1000, "unexpected_count": 0, "unexpected_percent": 0.0, "unexpected_percent_total": 0.0, "partial_unexpected_list": []}}, {"success": true, "expectation_config": {"kwargs": {"column": "pay_doc_type", "value_set": ["MASTER", "MIR", "VISA"], "result_format": {"result_format": "SUMMARY", "partial_unexpected_count": 20}}, "expectation_type": "expect_column_distinct_values_to_be_in_set", "meta": {}}, "exception_info": {"raised_exception": false, "exception_message": null, "exception_traceback": null}, "meta": {}, "result": {"observed_value": ["MASTER", "MIR", "VISA"], "element_count": 1000, "missing_count": null, "missing_percent": null, "details": {"value_counts": [{"value": "MASTER", "count": 317}, {"value": "MIR", "count": 348}, {"value": "VISA", "count": 335}]}}}, {"success": true, "expectation_config": {"kwargs": {"column": "pay_doc_type", "value_set": ["MASTER", "MIR", "VISA"], "result_format": {"result_format": "SUMMARY", "partial_unexpected_count": 20}}, "expectation_type": "expect_column_distinct_values_to_equal_set", "meta": {}}, "exception_info": {"raised_exception": false, "exception_message": null, "exception_traceback": null}, "meta": {}, "result": {"observed_value": ["MASTER", "MIR", "VISA"], "element_count": 1000, "missing_count": null, "missing_percent": null, "details": {"value_counts": [{"value": "MASTER", "count": 317}, {"value": "MIR", "count": 348}, {"value": "VISA", "count": 335}]}}}, {"success": true, "expectation_config": {"kwargs": {"column": "pay_doc_num", "result_format": {"result_format": "SUMMARY", "partial_unexpected_count": 20}}, "expectation_type": "expect_column_values_to_not_be_null", "meta": {}}, "exception_info": {"raised_exception": false, "exception_message": null, "exception_traceback": null}, "meta": {}, "result": {"element_count": 1000, "unexpected_count": 0, "unexpected_percent": 0.0, "unexpected_percent_total": 0.0, "partial_unexpected_list": []}}, {"success": true, "expectation_config": {"kwargs": {"column": "pay_doc_num", "min_value": 1, "result_format": {"result_format": "SUMMARY", "partial_unexpected_count": 20}}, "expectation_type": "expect_column_values_to_be_between", "meta": {}}, "exception_info": {"raised_exception": false, "exception_message": null, "exception_traceback": null}, "meta": {}, "result": {"element_count": 1000, "missing_count": 0, "missing_percent": 0.0, "unexpected_count": 0, "unexpected_percent": 0.0, "unexpected_percent_total": 0.0, "unexpected_percent_nonmissing": 0.0, "partial_unexpected_list": [], "partial_unexpected_index_list": null, "partial_unexpected_counts": []}}, {"success": true, "expectation_config": {"kwargs": {"column": "account", "result_format": {"result_format": "SUMMARY", "partial_unexpected_count": 20}}, "expectation_type": "expect_column_values_to_not_be_null", "meta": {}}, "exception_info": {"raised_exception": false, "exception_message": null, "exception_traceback": null}, "meta": {}, "result": {"element_count": 1000, "unexpected_count": 0, "unexpected_percent": 0.0, "unexpected_percent_total": 0.0, "partial_unexpected_list": []}}, {"success": true, "expectation_config": {"kwargs": {"column": "account", "regex": "FL-[0-9].", "result_format": {"result_format": "SUMMARY", "partial_unexpected_count": 20}}, "expectation_type": "expect_column_values_to_match_regex", "meta": {}}, "exception_info": {"raised_exception": false, "exception_message": null, "exception_traceback": null}, "meta": {}, "result": {"element_count": 1000, "missing_count": 0, "missing_percent": 0.0, "unexpected_count": 0, "unexpected_percent": 0.0, "unexpected_percent_total": 0.0, "unexpected_percent_nonmissing": 0.0, "partial_unexpected_list": [], "partial_unexpected_index_list": null, "partial_unexpected_counts": []}}, {"success": true, "expectation_config": {"kwargs": {"column": "pay_date", "result_format": {"result_format": "SUMMARY", "partial_unexpected_count": 20}}, "expectation_type": "expect_column_values_to_not_be_null", "meta": {}}, "exception_info": {"raised_exception": false, "exception_message": null, "exception_traceback": null}, "meta": {}, "result": {"element_count": 1000, "unexpected_count": 0, "unexpected_percent": 0.0, "unexpected_percent_total": 0.0, "partial_unexpected_list": []}}, {"success": true, "expectation_config": {"kwargs": {"column": "user_id", "result_format": {"result_format": "SUMMARY", "partial_unexpected_count": 20}}, "expectation_type": "expect_column_values_to_not_be_null", "meta": {}}, "exception_info": {"raised_exception": false, "exception_message": null, "exception_traceback": null}, "meta": {}, "result": {"element_count": 1000, "unexpected_count": 0, "unexpected_percent": 0.0, "unexpected_percent_total": 0.0, "partial_unexpected_list": []}}, {"success": false, "expectation_config": {"kwargs": {"column": "user_id", "result_format": {"result_format": "SUMMARY", "partial_unexpected_count": 20}}, "expectation_type": "expect_column_values_to_be_unique", "meta": {}}, "exception_info": {"raised_exception": false, "exception_message": null, "exception_traceback": null}, "meta": {}, "result": {"element_count": 1000, "missing_count": 0, "missing_percent": 0.0, "unexpected_count": 1000, "unexpected_percent": 100.0, "unexpected_percent_total": 100.0, "unexpected_percent_nonmissing": 100.0, "partial_unexpected_list": [10220, 10760, 10560, 10520, 10720, 10370, 10470, 11140, 10570, 10160, 10010, 10110, 10900, 10280, 10040, 11230, 10240, 10110, 10200, 10980], "partial_unexpected_index_list": null, "partial_unexpected_counts": [{"value": 10110, "count": 2}, {"value": 10010, "count": 1}, {"value": 10040, "count": 1}, {"value": 10160, "count": 1}, {"value": 10200, "count": 1}, {"value": 10220, "count": 1}, {"value": 10240, "count": 1}, {"value": 10280, "count": 1}, {"value": 10370, "count": 1}, {"value": 10470, "count": 1}, {"value": 10520, "count": 1}, {"value": 10560, "count": 1}, {"value": 10570, "count": 1}, {"value": 10720, "count": 1}, {"value": 10760, "count": 1}, {"value": 10900, "count": 1}, {"value": 10980, "count": 1}, {"value": 11140, "count": 1}, {"value": 11230, "count": 1}]}}, {"success": true, "expectation_config": {"kwargs": {"column": "user_id", "min_value": 2, "result_format": {"result_format": "SUMMARY", "partial_unexpected_count": 20}}, "expectation_type": "expect_column_unique_value_count_to_be_between", "meta": {}}, "exception_info": {"raised_exception": false, "exception_message": null, "exception_traceback": null}, "meta": {}, "result": {"observed_value": 123, "element_count": 1000, "missing_count": null, "missing_percent": null}}, {"success": true, "expectation_config": {"kwargs": {"column": "sum", "result_format": {"result_format": "SUMMARY", "partial_unexpected_count": 20}}, "expectation_type": "expect_column_values_to_not_be_null", "meta": {}}, "exception_info": {"raised_exception": false, "exception_message": null, "exception_traceback": null}, "meta": {}, "result": {"element_count": 1000, "unexpected_count": 0, "unexpected_percent": 0.0, "unexpected_percent_total": 0.0, "partial_unexpected_list": []}}, {"success": true, "expectation_config": {"kwargs": {"column": "sum", "min_value": 1, "result_format": {"result_format": "SUMMARY", "partial_unexpected_count": 20}}, "expectation_type": "expect_column_values_to_be_between", "meta": {}}, "exception_info": {"raised_exception": false, "exception_message": null, "exception_traceback": null}, "meta": {}, "result": {"element_count": 1000, "missing_count": 0, "missing_percent": 0.0, "unexpected_count": 0, "unexpected_percent": 0.0, "unexpected_percent_total": 0.0, "unexpected_percent_nonmissing": 0.0, "partial_unexpected_list": [], "partial_unexpected_index_list": null, "partial_unexpected_counts": []}}, {"success": true, "expectation_config": {"kwargs": {"column": "billing_period", "result_format": {"result_format": "SUMMARY", "partial_unexpected_count": 20}}, "expectation_type": "expect_column_values_to_not_be_null", "meta": {}}, "exception_info": {"raised_exception": false, "exception_message": null, "exception_traceback": null}, "meta": {}, "result": {"element_count": 1000, "unexpected_count": 0, "unexpected_percent": 0.0, "unexpected_percent_total": 0.0, "partial_unexpected_list": []}}, {"success": true, "expectation_config": {"kwargs": {"column": "billing_period", "regex": "[0-9]{4}-[0-9]{2}", "result_format": {"result_format": "SUMMARY", "partial_unexpected_count": 20}}, "expectation_type": "expect_column_values_to_match_regex", "meta": {}}, "exception_info": {"raised_exception": false, "exception_message": null, "exception_traceback": null}, "meta": {}, "result": {"element_count": 1000, "missing_count": 0, "missing_percent": 0.0, "unexpected_count": 0, "unexpected_percent": 0.0, "unexpected_percent_total": 0.0, "unexpected_percent_nonmissing": 0.0, "partial_unexpected_list": [], "partial_unexpected_index_list": null, "partial_unexpected_counts": []}}], "statistics": {"evaluated_expectations": 17, "successful_expectations": 16, "unsuccessful_expectations": 1, "success_percent": 94.11764705882352}, "meta": {"great_expectations_version": "0.13.14", "expectation_suite_name": "araev.ods_payment.warning", "run_id": {"run_name": "20210504T175831.084201Z", "run_time": "2021-05-04T17:58:31.084201+00:00"}, "batch_kwargs": {"data_asset_name": "araev.ods_payment", "datasource": "gp", "limit": 1000, "schema": "araev", "table": "ods_payment"}, "batch_markers": {"ge_load_time": "20210504T175830.149375Z"}, "batch_parameters": null, "validation_time": "20210504T175831.096192Z"}}