{
  "data_asset_type": "Dataset",
  "expectation_suite_name": "ods_issue",
  "expectations": [
    {
      "expectation_type": "expect_table_column_count_to_equal",
      "kwargs": {
        "value": 6
      },
      "meta": {}
    },
    {
      "expectation_type": "expect_table_columns_to_match_ordered_list",
      "kwargs": {
        "column_list": [
          "user_id",
          "start_time",
          "end_time",
          "title",
          "description",
          "service"
        ]
      },
      "meta": {}
    },
    {
      "expectation_type": "expect_column_values_to_not_be_null",
      "kwargs": {
        "column": "user_id"
      },
      "meta": {}
    },
    {
      "expectation_type": "expect_column_unique_value_count_to_be_between",
      "kwargs": {
        "column": "user_id",
        "min_value": 2
      },
      "meta": {}
    },
    {
      "expectation_type": "expect_column_values_to_not_be_null",
      "kwargs": {
        "column": "start_time"
      },
      "meta": {}
    },
    {
      "expectation_type": "expect_column_values_to_not_be_null",
      "kwargs": {
        "column": "end_time"
      },
      "meta": {}
    },
    {
      "expectation_type": "expect_column_values_to_not_be_null",
      "kwargs": {
        "column": "title"
      },
      "meta": {}
    },
    {
      "expectation_type": "expect_column_values_to_not_be_null",
      "kwargs": {
        "column": "description"
      },
      "meta": {}
    },
    {
      "expectation_type": "expect_column_distinct_values_to_be_in_set",
      "kwargs": {
        "column": "service",
        "value_set": [
          "Setup Environment",
          "Connect",
          "Disconnect"
        ]
      },
      "meta": {}
    },
    {
      "expectation_type": "expect_column_distinct_values_to_equal_set",
      "kwargs": {
        "column": "service",
        "value_set": [
          "Setup Environment",
          "Connect",
          "Disconnect"
        ]
      },
      "meta": {}
    }
  ],
  "meta": {
    "great_expectations_version": "0.13.14"
  }
}