{
  "data_asset_type": "Dataset",
  "expectation_suite_name": "ods_traffic",
  "expectations": [
    {
      "expectation_type": "expect_table_column_count_to_equal",
      "kwargs": {
        "value": 6
      },
      "meta": {}
    },
    {
      "expectation_type": "expect_table_columns_to_match_ordered_list",
      "kwargs": {
        "column_list": [
          "user_id",
          "timestamp",
          "device_id",
          "device_ip_addr",
          "bytes_sent",
          "bytes_received"
        ]
      },
      "meta": {}
    },
    {
      "expectation_type": "expect_column_values_to_not_be_null",
      "kwargs": {
        "column": "user_id"
      },
      "meta": {}
    },
    {
      "expectation_type": "expect_column_unique_value_count_to_be_between",
      "kwargs": {
        "column": "user_id",
        "min_value": 2
      },
      "meta": {}
    },
    {
      "expectation_type": "expect_column_values_to_not_be_null",
      "kwargs": {
        "column": "timestamp"
      },
      "meta": {}
    },
    {
      "expectation_type": "expect_column_values_to_not_be_null",
      "kwargs": {
        "column": "device_id"
      },
      "meta": {}
    },
    {
      "expectation_type": "expect_column_values_to_match_regex",
      "kwargs": {
        "column": "device_id",
        "regex": "d[0-9]{3}"
      },
      "meta": {}
    },
    {
      "expectation_type": "expect_column_values_to_not_be_null",
      "kwargs": {
        "column": "device_ip_addr"
      },
      "meta": {}
    },
    {
      "expectation_type": "expect_column_values_to_match_regex",
      "kwargs": {
        "column": "device_ip_addr",
        "regex": "[0-9]{1,3}.[0-9]{1,3}.[0-9]{1,3}.[0-9]{1,3}"
      },
      "meta": {}
    },
    {
      "expectation_type": "expect_column_values_to_not_be_null",
      "kwargs": {
        "column": "bytes_sent"
      },
      "meta": {}
    },
    {
      "expectation_type": "expect_column_values_to_be_between",
      "kwargs": {
        "column": "bytes_sent",
        "min_value": 0
      },
      "meta": {}
    },
    {
      "expectation_type": "expect_column_values_to_not_be_null",
      "kwargs": {
        "column": "bytes_received"
      },
      "meta": {}
    },
    {
      "expectation_type": "expect_column_values_to_be_between",
      "kwargs": {
        "column": "bytes_received",
        "min_value": 0
      },
      "meta": {}
    }
  ],
  "meta": {
    "great_expectations_version": "0.13.14"
  }
}