{
  "data_asset_type": "Dataset",
  "expectation_suite_name": "ods_billing",
  "expectations": [
    {
      "expectation_type": "expect_table_column_count_to_equal",
      "kwargs": {
        "value": 6
      },
      "meta": {}
    },
    {
      "expectation_type": "expect_table_columns_to_match_ordered_list",
      "kwargs": {
        "column_list": [
          "user_id",
          "billing_period",
          "service",
          "tariff",
          "sum",
          "created_at"
        ]
      },
      "meta": {}
    },
    {
      "expectation_type": "expect_column_values_to_not_be_null",
      "kwargs": {
        "column": "user_id"
      },
      "meta": {}
    },
    {
      "expectation_type": "expect_column_unique_value_count_to_be_between",
      "kwargs": {
        "column": "user_id",
        "min_value": 2
      },
      "meta": {}
    },
    {
      "expectation_type": "expect_column_values_to_not_be_null",
      "kwargs": {
        "column": "billing_period"
      },
      "meta": {}
    },
    {
      "expectation_type": "expect_column_values_to_match_regex",
      "kwargs": {
        "column": "billing_period",
        "regex": "[0-9]{4}-[0-9]{2}"
      },
      "meta": {}
    },
    {
      "expectation_type": "expect_column_values_to_not_be_null",
      "kwargs": {
        "column": "service"
      },
      "meta": {}
    },
    {
      "expectation_type": "expect_column_values_to_not_be_null",
      "kwargs": {
        "column": "tariff"
      },
      "meta": {}
    },
    {
      "expectation_type": "expect_column_distinct_values_to_be_in_set",
      "kwargs": {
        "column": "tariff",
        "value_set": [
          "Mini",
          "Maxi",
          "Gigabyte",
          "Megabyte"
        ]
      },
      "meta": {}
    },
    {
      "expectation_type": "expect_column_distinct_values_to_equal_set",
      "kwargs": {
        "column": "tariff",
        "value_set": [
          "Mini",
          "Maxi",
          "Gigabyte",
          "Megabyte"
        ]
      },
      "meta": {}
    },
    {
      "expectation_type": "expect_column_values_to_not_be_null",
      "kwargs": {
        "column": "sum"
      },
      "meta": {}
    },
    {
      "expectation_type": "expect_column_values_to_be_between",
      "kwargs": {
        "column": "sum",
        "min_value": 0.01
      },
      "meta": {}
    },
    {
      "expectation_type": "expect_column_values_to_not_be_null",
      "kwargs": {
        "column": "created_at"
      },
      "meta": {}
    }
  ],
  "meta": {
    "great_expectations_version": "0.13.14"
  }
}